{
  "hash": "41afc7bf",
  "configHash": "df0b3fb6",
  "lockfileHash": "1bf8d45f",
  "browserHash": "55eff8a1",
  "optimized": {
    "vue": {
      "src": "../../../../node_modules/vue/dist/vue.runtime.esm-bundler.js",
      "file": "vue.js",
      "fileHash": "c7b54272",
      "needsInterop": false
    },
    "vitepress > @vue/devtools-api": {
      "src": "../../../../node_modules/@vue/devtools-api/dist/index.js",
      "file": "vitepress___@vue_devtools-api.js",
      "fileHash": "f77f11d6",
      "needsInterop": false
    },
    "vitepress > @vueuse/core": {
      "src": "../../../../node_modules/@vueuse/core/index.mjs",
      "file": "vitepress___@vueuse_core.js",
      "fileHash": "a5c9950f",
      "needsInterop": false
    },
    "@theme/index": {
      "src": "../../../../node_modules/vitepress/dist/client/theme-default/index.js",
      "file": "@theme_index.js",
      "fileHash": "c28dc8d2",
      "needsInterop": false
    }
  },
  "chunks": {
    "chunk-G72U4FD7": {
      "file": "chunk-G72U4FD7.js"
    },
    "chunk-IGSYXQ5U": {
      "file": "chunk-IGSYXQ5U.js"
    }
  }
}